day_week,fare_amount
segunda,18.10970588235294
terça,17.965705882352943
sexta,17.796050955414014
sábado,17.187058823529412
quarta,16.92062068965517
quinta,16.62408536585366
domingo,15.359090909090908
